BEGIN TRANSACTION;
CREATE TABLE IF NOT EXISTS "borrow" (
	"Name"	TEXT,
	"Quantity"	INTEGER,
	"Borrow/Lend"	TEXT,
	"From/To"	TEXT,
	"Return?"	TEXT,
	"ReturnDate"	TEXT,
	"Comments"	TEXT
);
CREATE TABLE IF NOT EXISTS "equis" (
	"ID"	INTEGER PRIMARY KEY AUTOINCREMENT,
	"Equipment"	TEXT,
	"Position"	TEXT,
	"Item"	INTEGER
);
CREATE TABLE IF NOT EXISTS "items" (
	"ID"	INTEGER,
	"Item"	TEXT,
	"QuantityNeeded"	TEXT,
	"QuantityArrived"	TEXT,
	"Comments"	TEXT,
	PRIMARY KEY("ID")
);
INSERT INTO "borrow" VALUES ('28G PAAM radio',1,'Lend','Ji Fengwei',NULL,NULL,NULL),
 ('40G网卡',2,'Lend','Xiao Fan','Yes',NULL,NULL),
 ('innolight 40G 光模块',11,'Borrow','Xiao Fan',NULL,NULL,NULL),
 ('28G BPU到RRU光纤',1,'Lend','Zhang Zongwei',NULL,NULL,NULL),
 ('扫频仪',1,'Borrow','Phoebe Liu',NULL,NULL,NULL),
 ('Intel MTP',1,'Borrow','Huaying Han',NULL,NULL,NULL),
 ('40G转10G的连接线',1,'Borrow','Xiao Fan',NULL,NULL,'强哥收货'),
 ('finisa一分四的光纤线',1,'Lend','shiya wang',NULL,NULL,NULL),
 ('finisa一分四的光纤线',2,'Lend','will zheng',NULL,NULL,'haoran经手借给CUBJ'),
 ('5G V1 AAS',1,'Lend','Deguang Yang',NULL,NULL,'CUHB'),
 ('CPRI 40G to 4*10G cable',1,'Lend','xuewei wang',NULL,NULL,'CUCU'),
 ('40Gcpri 一分四',1,'Lend','xuewei wang',NULL,NULL,'Li Yuan经手借给CUCU'),
 ('Leap cabinet',1,'Lend','tonny zhang','Yes','20181029','including 3 x BBg2|1 + 2x GPP + 1xSCU + 1x TN 计划月底要回'),
 ('drone and leap motion',1,'Lend','henry duan',NULL,NULL,NULL),
 ('M7450',2,'Lend','huaishan zhang',NULL,NULL,NULL),
 ('X86 server',1,'Lend','liangheng zhang','Yes','20181119',NULL),
 ('QSFP',2,'Lend','hailong lv',NULL,NULL,NULL),
 ('Hub',1,'Lend','zhao lin',NULL,NULL,NULL),
 ('1G光模块',6,'Lend','zhao lin',NULL,NULL,NULL),
 ('28G  equipment',1,'Lend','hongbin xu',NULL,NULL,NULL),
 ('28G UE',1,'Lend','jianhui wu','Yes',NULL,NULL),
 ('28G radio 及挂件',1,'Lend','wanghaobo',NULL,NULL,NULL),
 ('3GPP UE',1,'Lend','caroline zhang',NULL,NULL,'huaishan zhang'),
 ('可调衰减',8,'Borrow','zhao lin',NULL,NULL,NULL),
 ('SMA转TNC头射频',12,'Borrow','zhao lin',NULL,NULL,NULL),
 ('1 V1 UE and 1 V1 AAS',1,'Lend','Jie Cai',NULL,NULL,'Hanhuaying CUCU'),
 ('DAC线',2,'Lend','liangheng zhang',NULL,NULL,NULL),
 ('工装板',1,'Lend','Deguang Yang',NULL,NULL,NULL);
INSERT INTO "equis" VALUES (1,'MIIT vRAN #1','Lab',1),
 (2,'MIIT vRAN #2','Lab,vRAN JTS3,vRAN SA(ongoing)',1),
 (3,'MIIT vRAN #3','ongoing 11月底',1),
 (4,'MIIT vCORE #1','Lab, 5G EPC',2),
 (5,'MIIT V2 3|5G #1','Lab',3),
 (6,'MIIT V2 3|5G #2','Lab,NSA test(weiwei)',3),
 (7,'MIIT V2 3|5G #3','怀柔',3),
 (8,'MIIT V2 3|5G #4','怀柔',3),
 (9,'MIIT V2 3|5G #5','Lab,带工装板',3),
 (10,'MIIT V2 3|5G #6','Lab,带工装板',3),
 (11,'MIIT V2 3|5G #7','仓库',3),
 (12,'MIIT V2 3|5G #8','仓库',3),
 (13,'MIIT V2 3|5G #9','仓库',3),
 (14,'MIIT V2 3|5G #10','仓库',3),
 (15,'MIIT V2 3|5G #11','仓库',3),
 (16,'MIIT V2 3|5G #12','仓库',3),
 (17,'MIIT V2 3|5G #13','仓库',3),
 (18,'MIIT V2 3|5G #14','仓库',3),
 (19,'MIIT V2 3|5G #15','仓库',3),
 (20,'MIIT V2 3|5G #16','仓库',3),
 (21,'MIIT V2 3|5G #17','lab',3),
 (22,'MIIT V2 3|5G #18','send to ENC for repair and refit to KRD,从CMRI接入一个',3),
 (23,'MIIT Leap BPU #1(6 sector)','Lab,和#2贴在一起',4),
 (24,'MIIT Leap BPU #2','Lab,和#1贴在一起',5),
 (25,'MIIT Leap BPU #3','Lab',5),
 (26,'MIIT Leap BPU #4','Lab',5),
 (27,'MIIT Leap BPU #5','Lab(Andy, BBg2|1e只有一块，GPP三块)',5),
 (28,'MIIT Leap BPU #6','被研发拿走了',5),
 (29,'MIIT Radio2219 #1','Lab',6),
 (30,'MIIT Radio2219 #2','怀柔',6),
 (31,'MIIT Radio2219 #3','借给Jerry Li',6),
 (32,'MIIT Leap UE Cab #1','Lab',7),
 (33,'MIIT Leap UE Cab #2','Lab',8),
 (34,'MIIT Leap UE Cab #3','Lab',8),
 (35,'MIIT Leap UE Cab #4','Lab',8),
 (36,'MIIT Leap UE Cab #5','Lab',8),
 (37,NULL,'Lab',8),
 (38,'MIIT Leap UE Cab #6','Lab坏了',8),
 (39,'MIIT M7450 #1','Lab',9),
 (40,'MIIT M7450 #2','Lab,柜子',9),
 (41,'MIIT M7450 #3','借给huaishan',9),
 (42,'MIIT M7450 #4','借给huaishan',9),
 (43,'MIIT M7450 #5','missing',9),
 (44,'MIIT M7450 #6','missing',9),
 (45,'MIIT V2 UE 3|5G #1','Lab, Cab#1',10),
 (46,'MIIT V2 UE 3|5G #2','Lab, Cab#2',10),
 (47,'MIIT V2 UE 3|5G #3','Lab, Cab#3',10),
 (48,'MIIT V2 UE 3|5G #4','Lab, Cab#4',10),
 (49,'MIIT V2 UE 3|5G #5','Lab, Cab#5',10),
 (50,'MIIT BBg2|1e #1',NULL,11),
 (51,'MIIT BBg2|1e #2',NULL,11),
 (52,'MIIT BBg2|1e #3',NULL,11),
 (53,'MIIT BBg2|1e #4',NULL,11),
 (54,'MIIT BBg2|1e #5',NULL,11),
 (55,'MIIT BBg2|1e #6',NULL,11),
 (56,'MIIT BBg2|1e #7',NULL,11),
 (57,'MIIT BBg2|1e #8',NULL,11),
 (58,'MIIT BBg2|1e #9',NULL,11),
 (59,'MIIT BBg2|1e #10',NULL,11),
 (60,'MIIT BBg2|1e #11',NULL,11),
 (61,'MIIT BBg2|1e #12',NULL,11),
 (62,'MIIT BBg2|1e #13',NULL,11),
 (63,'MIIT BBg2|1e #14',NULL,11),
 (64,'MIIT BBg2|1e #15',NULL,11),
 (65,'MIIT BBg2|1e #16',NULL,11),
 (66,'MIIT BBg2|1e #17',NULL,11),
 (67,'MIIT BBg2|1e #18',NULL,11),
 (68,'MIIT BBg2|1e #19',NULL,11),
 (69,'MIIT 超微server #1','Lab,柜子(40G+10G网卡)',12),
 (70,'MIIT 超微server #2','Lab,柜子(40G+10G网卡)',12),
 (71,'MIIT 超微server #3','Lab,柜子(40G+10G网卡)',12),
 (72,'MIIT 超微server #4','Lab,柜子(2*10G网卡)',12),
 (73,'MIIT 超微server #5','Lab,4|7GBPU(40G+10G网卡)',12),
 (74,'MIIT 超微server #6','Lab,4|7GBPU(40G+10G网卡)',12),
 (75,'MIIT 超微server #7','Lab, UE cab #1(2*10G网卡)',12),
 (76,'MIIT 超微server #8','Lab, UE cab #2(2*10G网卡)',12),
 (77,'MIIT 超微server #9','Lab, UE cab #3(2*10G网卡)',12),
 (78,'MIIT 超微server #10','Lab, UE cab #4(2*10G网卡)',12),
 (79,'MIIT 超微server #11','Lab, UE cab #5(2*10G网卡)',12),
 (80,'R6675 MIIT #1',NULL,13),
 (81,'R6675 MIIT #3',NULL,13),
 (82,'R6675 MIIT #4',NULL,13),
 (83,'R6675 MIIT #5',NULL,13),
 (84,'R6675 MIIT #5','被研发拿走了',13),
 (85,'#1','怀柔 s/n:20171113783',14),
 (86,'#2','missing',14),
 (87,'#3','lab, borrow from CMCC s/n:20171113772',14),
 (88,'#4','lab, borrow from CMCC s/n:20171113786',14),
 (89,'#5','lab, borrow from CMCC s/n:20171113784',14),
 (90,'MIIT 28G BBU #1','lab',29),
 (91,'MIIT 40G #1','怀柔装站',32),
 (92,'MIIT 40G #2','怀柔装站',32),
 (93,'MIIT 40G #3','怀柔装站',32),
 (94,'MIIT 40G #4','怀柔装站',32),
 (95,'MIIT 40G #5','怀柔装站',32),
 (96,'MIIT 40G #6','怀柔装站',32),
 (97,'MIIT 40G #7','怀柔装站',32),
 (98,'MIIT 40G #8','怀柔装站',32),
 (99,'MIIT 40G #9','怀柔装站',32),
 (100,'MIIT 40G #10','怀柔装站',32),
 (101,'MIIT 40G #11','怀柔装站',32),
 (102,'MIIT 40G #12','怀柔装站',32),
 (103,'MIIT 40G #13','Lab',32),
 (104,'MIIT 40G #14','Lab',32),
 (105,'MIIT 40G #15','Lab',32),
 (106,'MIIT 40G #16','Lab',32),
 (107,'MIIT 40G #17','Shiqiang Ju',32),
 (108,'MIIT 40G #18','Shiqiang Ju',32),
 (109,'MIIT 40G #19','Shiqiang Ju',32),
 (110,'MIIT 40G #20','Shiqiang Ju',32),
 (111,'MIIT 40G #21','Shiqiang Ju',32),
 (112,'MIIT 40G #22','Shiqiang Ju',32),
 (113,'MIIT 40G #23','Shiqiang Ju',32),
 (114,'MIIT 40G #24','Shiqiang Ju',32),
 (115,'MIIT 40G #25','Yuan Li',32),
 (116,'MIIT 40G #26','Yuan Li',32),
 (117,'MIIT 40G #27','Andy Guo',32),
 (118,'MIIT 40G #28','Andy Guo',32),
 (119,'MIIT 40G #29','Lend to Bing Wang A(zhenhua He)',32),
 (120,'MIIT 40G #30','Lend to Bing Wang A(zhenhua He)',32),
 (121,'MIIT 40G #31','in stock',32),
 (122,'MIIT 40G #32','in stock',32),
 (123,'MIIT 40G #33','in stock',32),
 (124,'MIIT 40G #34','in stock',32),
 (125,'MIIT 40G #35','in stock',32),
 (126,'MIIT 40G #36','in stock',32),
 (127,'MIIT 40G #37','in stock',32),
 (128,'MIIT 40G #38 borrow from CMRI','in stock',32),
 (129,'MIIT 40G #39 borrow from CMRI','in stock',32),
 (130,'MIIT 40G #40 borrow from CMRI','in stock',32),
 (131,'MIIT 40G #41 borrow from CMRI','in stock',32),
 (132,'MIIT 40G #42 borrow from CMRI','in stock',32),
 (133,'MIIT 40G #43 borrow from CMRI','in stock',32),
 (134,'MIIT 40G #44 borrow from CMRI','in stock',32),
 (135,'MIIT 40G #45 borrow from CMRI','in stock',32),
 (136,'MIIT 40G #46 borrow from CMRI','in stock',32),
 (137,'MIIT 40G #47 borrow from CMRI','in stock',32),
 (138,'MIIT 40G #48 borrow from CMRI','in stock',32),
 (139,'MIIT 40G #49','missing',32),
 (140,'MIIT 40G #50','missing',32),
 (141,'MIIT 40G #51','missing',32),
 (142,'MIIT 40G #52','missing',32),
 (143,'#1','Lab',33),
 (144,'#2','Lab',33),
 (145,'#3','Lab',33),
 (146,'#4','Lab',33),
 (147,'#5','Lab',33),
 (148,'#6','Lab',33),
 (149,'#7','Haoran Yang',33),
 (150,'#8','missing',33),
 (151,'#9','missing',33),
 (152,'#1','Lab BBU#3',34),
 (153,'#2','Lab BBU#3',34),
 (154,'#3','Lab BBU#3',34),
 (155,'#4','Lab Annie柜子',34),
 (156,'#5','Lab Annie柜子',34),
 (157,'#6','Lab Annie柜子',34),
 (158,'#7','Lab Annie柜子',34),
 (159,'#8','Lab Annie柜子',34),
 (160,'#9','Lab Annie柜子',34),
 (161,'#10','Lab Annie柜子',34),
 (162,'#11','Lab Annie柜子',34),
 (163,'#12','Lab Annie柜子',34),
 (164,'#13','Lab Annie柜子',34),
 (165,'#14','damage',34),
 (166,'#15','damage',34),
 (167,'#16','damage',34),
 (168,'#17','damage',34),
 (169,'#18','Haoran Yang',34),
 (170,'#19','Haoran Yang',34),
 (171,'#20','库存',34),
 (172,'#21','库存',34),
 (173,'#22','库存',34),
 (174,'#23','库存',34),
 (175,'#24','库存',34),
 (176,'#25','库存',34),
 (177,'#26','missing',34),
 (178,'#27','missing',34),
 (179,'#28','missing',34),
 (180,'#29','missing',34),
 (181,'#1',NULL,35),
 (182,'#2',NULL,35),
 (183,'#3',NULL,35),
 (184,'#4',NULL,35),
 (185,'#5',NULL,35);
INSERT INTO "items" VALUES (1,'vRAN',NULL,'2',NULL),
 (2,'vCORE','1','1','3 Server vCORE 5GC (ongoing, check)'),
 (3,'V2 3|5GHz BS Radio for Field Test','18','18','怀柔 需要10个SA, 可能1个NSA'),
 (4,'3GPP Leap BPU (6-sector) -3|5G','1','1',NULL),
 (5,'3GPP Leap BPU (3-sector) -3|5G','4','4','如果用NSA BPU, 需要借一个 放在Lab'),
 (6,'Radio 2219(Band1)','3','3',NULL),
 (7,'NSA 3GPP UE-Cab 3|5GHz','1','1','check 轮子, BBg2板子（只有研发能买）'),
 (8,'SA 3GPP UE-Cab 3|5GHz','4','4',NULL),
 (9,'NSA upgrade kit M7450(UE)','6','6','Totally have 6 now,1个用在NSA UE上，5个库存(位置??）'),
 (10,'V2 3|5G UE Radio','4','4','Refit 3 V2 UE Radio to UE-Cab,3 Done??'),
 (11,'BB g2|1e',NULL,NULL,NULL),
 (12,'X86 Super Micro Server',NULL,NULL,NULL),
 (13,'R6675',NULL,NULL,NULL),
 (14,'光分器',NULL,NULL,NULL),
 (15,'GPP (leap server)',NULL,NULL,NULL),
 (16,'SCU',NULL,NULL,NULL),
 (17,'V2-4|9GHz BS Radio for Field Test','10','0',' 2018/09/06: Change to 10 from 18'),
 (18,'3GPP BPU (3-sector)- 4|9GHz','2','0','2018/09/06: Change to 2 from 6'),
 (19,'SA UE Radio V2|2-4|9GHz','2','0',' Per said V2|2 Radio is delayed (again), delivery from Kista is postponed to October| Delay to 2019 Jan|The earliest is week 47(19th Nov), but it will very likely be later'),
 (20,'2|6G BS Radio',NULL,'0',NULL),
 (21,'2|6G BS',NULL,'0',NULL),
 (22,'2|6G UE Radio',NULL,'0',NULL),
 (23,'Fallback UE Trolley','0','0','Rework 4 NSA fallback V2 UE to 4 SA V2done'),
 (24,'Fallback BPU (5216 card + super micro)','7','7','check位置？'),
 (25,'NSA upgrade kit NS (LTE) radio - ETTUS B210','1','1','Done (Phase out)？'),
 (26,'V1 3|5G Radio',NULL,'5',NULL),
 (27,'V1 4|7G Radio',NULL,'3',NULL),
 (28,'V1 4|7G UE',NULL,'3',NULL),
 (29,'28G TB',NULL,'1',NULL),
 (30,'28G UE',NULL,'2',NULL),
 (31,'28G PAAM Radio',NULL,'2',NULL),
 (32,'INNOLIGHT 40G QSFP',NULL,NULL,NULL),
 (33,'Intel 40G QSFP',NULL,NULL,NULL),
 (34,'Intel 10G SFP',NULL,NULL,NULL),
 (35,'Extreme 10G SFP',NULL,NULL,NULL);
CREATE UNIQUE INDEX IF NOT EXISTS "ITEMID" ON "items" (
	"ID"
);
COMMIT;
